Year,Date,Race,City,State,Finishers,Include,Category
2022,2022-11-06,NYC Marathon,New York,NY,47738,Yes,
2023,2023-11-05,NYC Marathon,New York,NY,51348,Yes,
2022,2022-10-30,Marine Corps Marathon,Washington,DC,11257,Yes,
2023,2023-10-29,Marine Corps Marathon,Washington,DC,13724,Yes,
2023,2023-01-15,Houston Marathon,Houston,TX,6103,Yes,
2024,2024-01-14,Houston Marathon,Houston,TX,7180,Yes,
2023,2023-04-15,Rotterdam Marathon,Rotterdam,ROT,16844,No,
2022,2022-09-23,RnR Montreal Marathon,Montreal,QC,1791,Maybe,
2023,2023-09-23,RnR Montreal Marathon,Montreal,QC,2682,Maybe,
2022,2022-10-30,Dublin Marathon,Dublin,DUB,14847,No,
2023,2023-10-29,Dublin Marathon,Dublin,DUB,16495,No,
2022,2022-10-02,Portland Marathon,Portland,OR,2315,Yes,
2023,2023-10-01,Portland Marathon,Portland,OR,2258,Yes,
2023,2023-04-23,Haspa Marathon Hamburg,Hamburg,HAM,8635,No,
2023,2023-02-25,Atlanta Marathon,Atlanta,GA,1383,Yes,
2024,2024-02-24,Atlanta Marathon,Atlanta,GA,1582,Yes,
2022,2022-10-15,Cape Town Marathon,Cape Town,CAP,9187,No,
2023,2023-10-14,Cape Town Marathon,Cape Town,CAP,13326,No,
2024,2024-05-19,MARATON DE LIMA - LIMA 42K,Lima,LIM,3062,No,
2024,2024-05-03,Rotorua Marathon,Rotorua,WAI,1151,No,
2022,2022-10-02,London Marathon,London,LON,40620,Yes,
2023,2023-04-23,London Marathon,London,LON,48780,Yes,
2024,2024-04-21,London Marathon,London,LON,53877,Yes,
2023,2023-01-04,Disney World Marathon,Orlando,FL,12693,Yes,
2024,2024-01-03,Disney World Marathon,Orlando,FL,12710,Yes,
2023,2023-04-08,Carmel Marathon,Carmel,IN,945,Yes,
2024,2024-04-13,Carmel Marathon,Carmel,IN,1451,Yes,
2023,2023-02-12,Hong Kong Marathon,Kowloon,HON,2075,Yes,
2024,2024-01-21,Hong Kong Marathon,Kowloon,HON,1991,Yes,
2022,2022-10-09,Chicago Marathon,Chicago,IL,39335,Yes,
2023,2023-10-08,Chicago Marathon,Chicago,IL,48390,Yes,
2022,2022-11-12,Athens Marathon,City Of Marathonas,ATH,12533,No,
2022,2022-10-16,Amsterdam Marathon,Amsterdam,NOO,12669,No,
2023,2023-10-15,Amsterdam Marathon,Amsterdam,NOO,16070,No,
2024,2024-08-10,Marathon Pour Tous,Paris,PAR,17319,No,
2024,2024-07-27,Jack and Jill Downhill Marathon,Snoqualmie,WA,701,Yes,Steep
2023,2023-04-23,RnR Madrid Marathon,Madrid,MAD,7405,No,
2024,2024-04-28,RnR Madrid Marathon,Madrid,MAD,9129,No,
2022,2022-12-03,Signapore Marathon,Singapore,SIN,5773,No,
2023,2023-12-02,Signapore Marathon,Singapore,SIN,6720,No,
2023,2023-05-05,Flying Pig Marathon,Cincinnati,OH,4498,Yes,
2024,2024-05-03,Flying Pig Marathon,Cincinnati,OH,4076,Yes,
2022,2022-10-02,Melbourne Marathon,Melbourne,VI,6216,No,
2023,2023-10-15,Melbourne Marathon,Melbourne,VI,7946,No,
2022,2022-09-18,Sydney Running Festival,Sydney,NSW,3452,No,
2023,2023-09-17,Sydney Running Festival,Sydney,NSW,13294,No,
2023,2023-04-17,Boston Marathon,Boston,MA,26621,Yes,Boston
2024,2024-04-15,Boston Marathon,Boston,MA,25550,Yes,Boston
2023,2023-04-23,Vienna City Marathon,Vienna,VIE,6650,No,
2024,2024-04-21,Vienna City Marathon,Vienna,VIE,7482,No,
2022,2022-09-18,Moscow Marathon,Moscow,0,11557,No,
2023,2023-09-17,Moscow Marathon,Moscow,0,12783,No,
2022,2022-12-18,Taipei Marathon,Taipei,TAI,7852,No,
2023,2023-12-17,Taipei Marathon,Taipei,TAI,8117,No,
2023,2023-05-14,Maraton de Santiago,Santiago,SAN,3188,No,
2024,2024-04-28,Maraton de Santiago,Santiago,SAN,3912,No,
2022,2022-10-01,Run in Lyon Marathon,Lyon,RHO,1910,No,
2023,2023-10-22,Run in Lyon Marathon,Lyon,RHO,2822,No,
2023,2023-05-27,Ottawa Marathon,Ottawa,ON,2413,Yes,
2024,2024-05-26,Ottawa Marathon,Ottawa,ON,4776,Yes,
2022,2022-12-11,Honolulu Marathon,Honolulu,HI,14276,Yes,
2023,2023-12-10,Honolulu Marathon,Honolulu,HI,14940,Yes,
2023,2023-05-27,Edinburgh Marathon,Edinburgh,EAS,7131,No,
2023,2023-02-12,Publix Florida Marathon,Melbourne,FL,213,Yes,
2024,2024-02-11,Publix Florida Marathon,Melbourne,FL,221,Yes,
2023,2023-06-03,RnR San Diego,San Diego,CA,4440,Yes,Minor
2024,2024-06-01,RnR San Diego,San Diego,CA,5476,Yes,Minor
2022,2022-10-16,Seven Bridges Marathon,Chattanooga,TN,314,Yes,
2023,2023-10-15,Seven Bridges Marathon,Chattanooga,TN,476,Yes,
2022,2022-11-19,Philadelphia Marathon,Philadelphia,PA,8425,Yes,
2023,2023-11-18,Philadelphia Marathon,Philadelphia,PA,11438,Yes,
2023,2023-03-11,Catalina Marathon,Avalon,CA,385,Yes,
2024,2024-03-09,Catalina Marathon,Avalon,CA,429,Yes,
2023,2023-07-01,Gold Coast Marathon,Gold Coast,QLD,5957,No,
2023,2023-08-27,Mexico City Marathon,Mexico City,MÉX,20138,No,
2023,2023-03-19,LA Marathon,Los Angeles,CA,16998,Yes,Minor
2024,2024-03-17,LA Marathon,Los Angeles,CA,20475,Yes,Minor
2023,2023-05-06,Pittsburgh Marathon,Pittsburgh,PA,3059,Yes,
2024,2024-05-04,Pittsburgh Marathon,Pittsburgh,PA,3650,Yes,
2023,2023-07-22,San Francisco Marathon,San Francisco,CA,4981,Yes,
2024,2024-07-27,San Francisco Marathon,San Francisco,CA,5772,Yes,
2023,2023-05-06,Rimi Riga Marathon,Riga,RIG,1292,No,
2024,2024-05-18,Rimi Riga Marathon,Riga,RIG,1815,No,
2023,2023-05-07,Vancouver Marathon,Vancouver,BC,4957,Yes,
2024,2024-05-05,Vancouver Marathon,Vancouver,BC,6068,Yes,
2022,2022-10-16,Toronto Waterfront Marathon,Toronto,ON,3473,Yes,
2023,2023-10-15,Toronto Waterfront Marathon,Toronto,ON,4556,Yes,
2023,2023-06-17,Grandma's Marathon,Duluth,MN,6690,Yes,
2024,2024-06-21,Grandma's Marathon,Duluth,MN,7548,Yes,
2023,2023-06-03,Stockholm Marathon,Stockholm,STO,12716,No,
2023,2023-02-25,Cowtown Marathon,Fort Worth,TX,1266,Yes,
2024,2024-02-24,Cowtown Marathon,Fort Worth,TX,1425,Yes,
2022,2022-12-03,Memphis Marathon,Memphis,TN,1767,Yes,
2023,2023-12-02,Memphis Marathon,Memphis,TN,1921,Yes,
2024,2024-03-17,Itabashi City Marathon,Itabashi,TOK,8007,No,
2022,2022-12-09,Dallas Marathon,Dallas,TX,2465,Yes,
2023,2023-12-08,Dallas Marathon,Dallas,TX,3382,Yes,
2023,2023-03-17,Shamrock Marathon,Virginia Beach,VA,1725,Yes,
2024,2024-03-16,Shamrock Marathon,Virginia Beach,VA,2054,Yes,
2023,2023-03-17,Jerusalem Marathon,"Jerusalem, Israel",JER,816,No,
2023,2023-06-11,White Nights Marathon,St. Petersburg,LEN,3520,No,
2024,2024-06-29,White Nights Marathon,St. Petersburg,LEN,5600,No,
2022,2022-11-12,Richmond Marathon,Richmond,VA,3381,Yes,
2023,2023-11-11,Richmond Marathon,Richmond,VA,4084,Yes,
2023,2023-03-19,Maratona Di Roma,Rome,ROM,546,No,
2024,2024-03-17,Maratona Di Roma,Rome,ROM,7477,No,
2023,2023-05-07,Toronto Marathon,Toronto,ON,2432,Yes,
2024,2024-05-05,Toronto Marathon,Toronto,ON,2974,Yes,
2023,2023-06-11,Comrades Marathon,Durban,KWA,14904,No,
2023,2023-02-04,Surf City Marathon,Huntington Beach,CA,1248,Yes,
2024,2024-02-03,Surf City Marathon,Huntington Beach,CA,1544,Yes,
2022,2022-12-03,RnR San Antonio,San Antonio,TX,1605,Yes,
2023,2023-12-02,RnR San Antonio,San Antonio,TX,1943,Yes,
2023,2023-04-29,Oklahoma City Marathon,Oklahoma City,OK,1801,Yes,
2024,2024-04-27,Oklahoma City Marathon,Oklahoma City,OK,1910,Yes,
2022,2022-10-30,Mainova Frankfurt Marathon,Frankfurt,HES,7942,No,
2023,2023-10-29,Mainova Frankfurt Marathon,Frankfurt,HES,9678,No,
2022,2022-10-15,Detroit Free Press Marathon,Detroit,MI,2303,Yes,
2023,2023-10-14,Detroit Free Press Marathon,Detroit,MI,3079,Yes,
2023,2023-11-18,Air New Zealand Queenstown International Marathon,Queenstown,OTA,1841,No,
2023,2023-04-02,Brighton Marathon,Brighton,SUS,8436,No,
2023,2023-05-20,Colfax Marathon,Denver,CO,1629,Yes,
2024,2024-05-17,Colfax Marathon,Denver,CO,2227,Yes,
2023,2023-05-14,Copenhagen Marathon,"Copenhagen, Denmark",COP,10164,No,
2023,2023-03-18,Zurich Marato Barcelona,Barcelona,BAR,10853,No,
2022,2022-10-09,Long Beach Marathon,Long Beach,CA,1969,Yes,
2023,2023-10-14,Long Beach Marathon,Long Beach,CA,2511,Yes,
2022,2022-10-01,Twin Cities Marathon,Minneapolis,MN,6504,Yes,
2023,2023-05-07,OC Marathon,Newport Beach,CA,2107,Yes,
2024,2024-05-05,OC Marathon,Newport Beach,CA,2916,Yes,
2022,2022-11-05,Indianapolis Monumental Marathon,Indianapolis,IN,4615,Yes,
2023,2023-10-28,Indianapolis Monumental Marathon,Indianapolis,IN,4214,Yes,
2023,2023-01-14,RnR Arizona,Phoenix,AZ,1416,Yes,
2022,2022-09-03,Marquette Marathon,Marquette,MI,283,Yes,Moderate
2023,2023-09-02,Marquette Marathon,Marquette,MI,425,Yes,Moderate
2024,2024-08-31,Marquette Marathon,Marquette,MI,423,Yes,Moderate
2022,2022-10-23,Venice Marathon,Venice,VEN,4300,No,
2023,2023-10-22,Venice Marathon,Venice,VEN,4409,No,
2023,2023-02-19,Austin Marathon,Austin,TX,3180,Yes,
2024,2024-02-18,Austin Marathon,Austin,TX,4002,Yes,
2023,2023-08-19,Reykjavikur Marathon,Reykjavik,REY,965,No,
2022,2022-10-16,Columbus Marathon,Columbus,OH,2396,Yes,
2023,2023-10-15,Columbus Marathon,Columbus,OH,3017,Yes,
2023,2023-11-05,Istanbul Marathon,Istanbul,IST,3466,No,
2022,2022-09-10,Tallinna Maraton,Tallinn,LÄÄ,1317,No,
2023,2023-09-09,Tallinna Maraton,Tallinn,LÄÄ,1700,No,
2022,2022-10-15,Baltimore Marathon,Baltimore,MD,1536,Yes,
2023,2023-10-14,Baltimore Marathon,Baltimore,MD,1503,Yes,
2022,2022-10-23,Nairobi Marathon,Nairobi,CEN,696,No,
2024,2024-02-18,Zurich Maraton Sevilla,Sevilla,SEV,9407,No,
2023,2023-09-30,Kosice peace Marathon,Košice,VYC,4038,No,
2022,2022-09-18,Maraton de Buenos Aires,Buenos Aires,BUE,7573,No,
2023,2023-09-24,Maraton de Buenos Aires,Buenos Aires,BUE,9510,No,
2023,2023-04-02,Milano City Marathon,Milan,MIL,4635,No,
2024,2024-04-07,Milano City Marathon,Milan,MIL,5529,No,
2023,2023-04-23,Zurich Marathon,Zurich,ZUR,2800,No,
2022,2022-10-15,Kansas City Marathon,Kansas City,MO,1002,Yes,
2023,2023-10-21,Kansas City Marathon,Kansas City,MO,1232,Yes,
2022,2022-10-29,Auckland Marathon,Auckland,AUC,1300,No,
2023,2023-05-01,MiWay Wally Hayward Marathon,Pretoria,GAU,2765,No,
2023,2023-04-22,RnR Nashville,Nashville,TN,2330,Yes,
2024,2024-04-24,RnR Nashville,Nashville,TN,2803,Yes,
2023,2023-11-26,Mount Fuji Marathon,Fujikawachiko,YAM,4852,No,
2022,2022-09-17,Oslo Maraton,Oslo,OSL,1816,No,
2023,2023-05-14,Rob Burrow Leeds Marathon,Leeds,WYOR,8384,No,
2024,2024-05-12,Rob Burrow Leeds Marathon,Leeds,WYOR,4473,No,
2023,2023-05-15,Fargo Marathon,Fargo,ND,995,Yes,
2024,2024-05-28,Fargo Marathon,Fargo,ND,1481,Yes,
2022,2022-12-04,California International Marathon,Sacramento,CA,7986,Yes,Minor
2023,2023-12-03,California International Marathon,Sacramento,CA,9183,Yes,Minor
2023,2023-06-03,Maratona Internacional de Porto Alegre,Porto Alegre,RIO,4087,No,
2023,2023-03-25,Freiburg Marathon,Freiburg,BAD,929,No,
2022,2022-09-25,Marathon Touraine Loire Valley,TOURS,IND,908,No,
2023,2023-09-24,Marathon Touraine Loire Valley,TOURS,IND,1122,No,
2023,2023-05-14,Leiden Marathon,Leiden,ZUI,758,No,
2024,2024-05-12,Leiden Marathon,Leiden,ZUI,1432,No,
2023,2023-02-12,Standard Chartered Dubai Marathon,Dubai,ABU,1446,No,
2024,2024-01-07,Standard Chartered Dubai Marathon,Dubai,ABU,1477,No,
2023,2023-05-20,Great Ocean Road Running Festival,Lorne,VI,1225,No,
2024,2024-05-18,Great Ocean Road Running Festival,Lorne,VI,1614,No,
2023,2023-05-28,Calgary Marathon,Calgary,AB,1007,No,
2024,2024-05-26,Calgary Marathon,Calgary,AB,1556,No,
2022,2022-09-10,Marathon du Medoc,Medoc,COT,7275,No,
2022,2022-09-11,Danske Bank Vilnius Marathon,Vilnius,VL,659,No,
2024,2024-04-25,Illinois Marathon,Champaign,IL,735,Yes,
2023,2023-04-29,Kentucky Derby Festival Marathon,Louisville,KY,1073,Yes,
2024,2024-04-27,Kentucky Derby Festival Marathon,Louisville,KY,1248,Yes,
2023,2023-04-30,Great Limerick Run,Limerick,LIM,806,No,
2024,2024-05-04,Great Limerick Run,Limerick,LIM,1161,No,
2023,2023-11-26,RnR Manila,Manila,CEN,1198,No,
2022,2022-12-17,ADNOC Abu Dhabi Marathon,Abu Dahbi,ABU,1215,No,
2023,2023-12-16,ADNOC Abu Dhabi Marathon,Abu Dahbi,ABU,1705,No,
2023,2023-06-02,Brisbane Twighlight Running Festival,Brisbane,QLD,904,No,
2024,2024-06-02,Brisbane Twighlight Running Festival,Brisbane,QLD,1440,No,
2022,2022-10-23,Omv Linz Marathon,Linz,UPP,642,No,
2024,2024-04-21,Enschede Marathon,Enschede,OVE,1556,No,
2022,2022-10-22,Ljubljanski Maraton,Ljubljana,LCEN,1213,No,
2023,2023-03-12,Twincity Marathon,Cyberjaya,SEL,665,No,
2024,2024-04-06,Bratislava Marathon,Bratislava,BRA,1102,No,
2022,2022-10-08,Hartford Marathon,Hartford,CT,1174,Yes,
2023,2023-10-14,Hartford Marathon,Hartford,CT,1495,Yes,
2023,2023-05-20,Cleveland Marathon,Cleveland,OH,1241,Yes,
2024,2024-05-18,Cleveland Marathon,Cleveland,OH,1591,Yes,
2023,2023-04-30,Big Sur International Marathon,Carmel,CA,3635,Yes,Minor
2024,2024-04-28,Big Sur International Marathon,Carmel,CA,3433,Yes,Minor
2023,2023-02-04,Phoenix Marathon,Mesa,AZ,1924,Yes,Moderate
2024,2024-02-10,Phoenix Marathon,Mesa,AZ,2674,Yes,Moderate
2022,2022-10-09,GoodLife Fitness Royal Victoria Marathon,"Victoria, B.C",BC,1189,Yes,
2023,2023-10-08,GoodLife Fitness Royal Victoria Marathon,"Victoria, B.C",BC,1454,Yes,
2023,2023-11-19,Radisson Blue Larnaka International Marathon,Larnaka,LAR,395,No,
2023,2023-02-11,Mercedes Marathon,Birmingham,AL,522,No,
2023,2023-06-18,Manitoba Marathon,Winnpeg,MB,593,Yes,
2024,2024-06-16,Manitoba Marathon,Winnpeg,MB,840,Yes,
2023,2023-05-25,Bayshore Marathon,Traverse City,MI,1366,Yes,
2024,2024-05-23,Bayshore Marathon,Traverse City,MI,1308,Yes,
2024,2024-04-07,Canberra Times Marathon Festival,Canberra,ACT,2160,No,
2024,2024-05-04,Harmony Geneva Marathon,Geneva,GEN,2744,No,
2023,2023-05-07,Prague Marathon,Prague,PRA,5468,No,
2023,2023-02-03,Dead Sea Marathon,Ean Kadi,CEN,350,No,
2024,2024-02-02,Dead Sea Marathon,Ean Kadi,CEN,449,No,
2022,2022-11-27,Firenze Marathon,Florence,0,6257,No,
2023,2023-11-26,Firenze Marathon,Florence,0,6880,No,
2023,2023-11-19,Verona Marathon,Verona,VER,268,No,
2023,2023-09-17,Fiducia Baden-Marathon,Karlsruhe,BAD,610,No,
2024,2024-01-28,Johnson Crane Hire Marathon,Senderwood,WES,3201,No,
2022,2022-09-16,Air Force Marathon,Dayton,OH,890,Yes,
2023,2023-09-14,Air Force Marathon,Dayton,OH,1070,Yes,
2023,2023-03-19,Oakland Marathon Running Festival,Oakland,CA,470,Yes,
2024,2024-03-17,Oakland Marathon Running Festival,Oakland,CA,660,Yes,
2023,2023-04-16,Australian Running Festival,Canberra,ACT,1353,No,
2022,2022-11-19,"Route 66 Marathon & Half Marathon, Marathon Relay",Tulsa,OK,890,Yes,
2023,2023-11-18,"Route 66 Marathon & Half Marathon, Marathon Relay",Tulsa,OK,976,Yes,
2022,2022-10-30,Marathon de Alpes,Nice,ALP,4443,No,
2023,2023-09-16,Wachau Halbmarathon,Krems An Der Donau,LOW,400,No,
2023,2023-06-04,Course des Pompiers de Laval,Laval,QC,223,Yes,
2023,2023-03-04,Little Rock Marathon,Little Rock,AR,989,Yes,
2024,2024-03-02,Little Rock Marathon,Little Rock,AR,1147,Yes,
2023,2023-08-26,Maybank Bali Marathon,Gianyar,BAL,2354,No,
2023,2023-02-26,Kilimanjaro Marathon,Moshi,KIL,734,No,
2023,2023-04-22,Belgrade Marathon,Belgrade,VOJ,883,No,
2023,2023-04-01,St. Louis Marathon,St Louis,MO,1082,Yes,
2024,2024-04-27,St. Louis Marathon,St Louis,MO,1253,Yes,
2022,2022-11-12,Charlotte's Thunder Road Marathon,Charlotte,NC,1120,Yes,
2023,2023-11-04,Charlotte's Thunder Road Marathon,Charlotte,NC,1486,Yes,
2022,2022-12-10,Kiawah Island Marathon,Kiawah Island,SC,1276,Yes,
2023,2023-12-08,Kiawah Island Marathon,Kiawah Island,SC,1361,Yes,
2023,2023-04-02,ABP Southampton Half Marathon,Southampton,HAM,711,No,
2024,2024-04-07,ABP Southampton Half Marathon,Southampton,HAM,873,No,
2023,2023-05-28,Buffalo Marathon,Buffalo,NY,1068,Yes,
2024,2024-05-25,Buffalo Marathon,Buffalo,NY,1193,Yes,
2023,2023-09-09,GoFundMe Richmond RUN-FEST,Richmond,LON,1136,Yes,
2022,2022-10-01,St. George Marathon,Saint George,UT,3481,Yes,Steep
2023,2023-10-06,St. George Marathon,Saint George,UT,3905,Yes,Steep
2022,2022-12-11,Maraton Powerade Monterrey,Monterrey,EST,4639,No,
2022,2022-11-06,City of Oaks Marathon,Raleigh,NC,565,Yes,
2023,2023-11-05,City of Oaks Marathon,Raleigh,NC,670,Yes,
2022,2022-10-16,Des Moines Marathon,Des Moines,IA,1095,Yes,
2023,2023-10-15,Des Moines Marathon,Des Moines,IA,1450,Yes,
2023,2023-05-07,Lincoln Marathon,Lincoln,NE,803,Yes,
2024,2024-05-05,Lincoln Marathon,Lincoln,NE,804,Yes,
2022,2022-11-13,Madison Marathon,Madison,WI,1031,Yes,
2023,2023-11-12,Madison Marathon,Madison,WI,1628,Yes,
2023,2023-06-24,Missoula Marathon,Missoula,MT,1052,Yes,
2024,2024-06-29,Missoula Marathon,Missoula,MT,1160,Yes,
2023,2023-04-22,Glass City Marathon,Toledo,OH,1178,Yes,
2024,2024-04-27,Glass City Marathon,Toledo,OH,1329,Yes,
2022,2022-10-02,Baxters Loch Ness Marathon,Inverness,HIG,2558,No,
2023,2023-09-30,Baxters Loch Ness Marathon,Inverness,HIG,3504,No,
2023,2023-02-19,Peninsula Marathon,"Main Road, Green Point",WES,2054,No,
2024,2024-02-18,Peninsula Marathon,"Main Road, Green Point",WES,2551,No,
2023,2023-05-19,Blue Nose Marathon,Halifax,NS,279,No,
2024,2024-05-17,Blue Nose Marathon,Halifax,NS,321,No,
2023,2023-02-05,DONNA National Marathon and Half Marathon,Jacksonville,FL,506,Yes,
2024,2024-02-03,DONNA National Marathon and Half Marathon,Jacksonville,FL,562,Yes,
2023,2023-01-15,Carlsbad Marathon,Carlsbad,CA,821,Yes,
2024,2024-01-14,Carlsbad Marathon,Carlsbad,CA,997,Yes,
2023,2023-05-20,Ogden Marathon,Ogden,UT,1101,Yes,Moderate
2024,2024-05-18,Ogden Marathon,Ogden,UT,1247,Yes,Moderate
2022,2022-10-01,Quebec City Marathon,Quebec City,QC,862,Yes,
2023,2023-04-29,Eugene Marathon,Eugene,OR,2087,Yes,
2024,2024-04-27,Eugene Marathon,Eugene,OR,3002,Yes,
2023,2023-08-26,Santa Rosa Marathon & Half Marathon,Santa Rosa,CA,963,Yes,
2024,2024-08-24,Santa Rosa Marathon & Half Marathon,Santa Rosa,CA,1224,Yes,
2022,2022-09-25,The Heartland Marathon,Omaha,NE,179,Yes,
2023,2023-09-24,The Heartland Marathon,Omaha,NE,207,Yes,
2024,2024-01-27,Wonderpark Akasia Road Race,Akasia,GAU,1359,No,
2022,2022-11-27,Space Coast Marathon,Melbourne,FL,821,Yes,
2023,2023-11-26,Space Coast Marathon,Melbourne,FL,858,Yes,
2023,2023-03-04,Myrtle Beach Marathon,Myrtle Beach,SC,999,Yes,
2024,2024-03-02,Myrtle Beach Marathon,Myrtle Beach,SC,1263,Yes,
2022,2022-10-01,Wineglass Marathon Weekend,Corning,NY,1371,Yes,Minor
2023,2023-09-30,Wineglass Marathon Weekend,Corning,NY,1647,Yes,Minor
2023,2023-02-19,Fort Lauderdale Marathon,Fort Lauderdale,FL,526,Yes,
2024,2024-02-18,Fort Lauderdale Marathon,Fort Lauderdale,FL,680,Yes,
2023,2023-07-08,Knysna Forest Marathon,Knysna,WES,568,No,
2024,2024-02-11,Jeppe Marathon,Johannesburg,GAU,709,No,
2023,2023-03-05,Napa Valley Marathon,Napa,CA,1456,Yes,Minor
2024,2024-03-03,Napa Valley Marathon,Napa,CA,1437,Yes,Minor
2022,2022-11-26,Winelands Marathon/Half Marathon,Stellenbosch,WES,938,No,
2023,2023-11-25,Winelands Marathon/Half Marathon,Stellenbosch,WES,1062,No,
2023,2023-06-17,Midnight Sun Marathon,Tromsø,TRO,854,No,
2023,2023-03-04,Woodlands Marathon,Houston,TX,823,Yes,
2024,2024-02-24,Woodlands Marathon,Houston,TX,841,Yes,
2023,2023-06-03,Utah Valley Marathon,Provo,UT,995,Yes,Steep
2024,2024-05-31,Utah Valley Marathon,Provo,UT,1212,Yes,Steep
2023,2023-01-14,Louisiana Marathon,Baton Rouge,LA,753,Yes,
2024,2024-01-13,Louisiana Marathon,Baton Rouge,LA,999,Yes,
2024,2024-03-17,Balwin Sport Dolphin Coast Marathon,Bedfordview,GAU,1726,No,
2023,2023-04-22,Salt Lake City Marathon,Salt Lake City,UT,1050,Yes,
2024,2024-04-20,Salt Lake City Marathon,Salt Lake City,UT,1375,Yes,
2023,2023-04-23,Jersey City Marathon,Jersey City,NJ,1945,Yes,
2024,2024-04-14,Jersey City Marathon,Jersey City,NJ,2320,Yes,
2023,2023-05-21,Salzburg Marathon,Salzburg,SAL,647,No,
2023,2023-10-15,Bucharest Marathon,Bucharest,BUC,788,No,
2022,2022-10-09,Boulderthon,Boulder,CO,662,Yes,
2023,2023-10-08,Boulderthon,Boulder,CO,917,Yes,
2023,2023-04-01,Knoxville Marathon,Knoxville,TN,508,Yes,
2024,2024-04-06,Knoxville Marathon,Knoxville,TN,615,Yes,
2023,2023-04-30,Belfast City Marathon,Northern Ireland,BEL,3345,No,
2024,2024-05-05,Belfast City Marathon,Northern Ireland,BEL,4378,No,
2022,2022-10-02,Mo' Cowbell Marathon,St Charles,MO,418,Yes,
2023,2023-10-01,Mo' Cowbell Marathon,St Charles,MO,488,Yes,
2022,2022-11-06,Maratona do Porto,Porto,POR,2770,No,
2023,2023-11-05,Maratona do Porto,Porto,POR,3092,No,
2023,2023-05-07,Providence Marathon,Providence,RI,1699,Yes,
2023,2023-01-29,Marathon de Marrakech & Half Marathon,Marrakech,0,838,No,
2024,2024-01-28,Marathon de Marrakech & Half Marathon,Marrakech,0,1170,No,
2023,2023-04-15,Newport Rhode Race,Newport,RI,676,Yes,
2024,2024-04-13,Newport Rhode Race,Newport,RI,972,Yes,
2023,2023-04-22,Brew City Marathon,Milwaukee,WI,283,Yes,
2024,2024-04-20,Brew City Marathon,Milwaukee,WI,243,Yes,
2023,2023-09-10,Boston or Bust,Huntsville,AL,100,,
2024,2024-09-08,Boston or Bust,Huntsville,AL,133,,
2023,2023-08-20,Edmonton Marathon,Edmonton,AB,769,Yes,
2024,2024-08-18,Edmonton Marathon,Edmonton,AB,1155,Yes,
2023,2023-04-16,Christchurch Airport Marathon,Christchurch,CAN,521,No,
2024,2024-05-05,Revel White Mountains,Conway,NH,1683,Yes,Steep
2023,2023-04-15,Coastal Delaware Running Festival,Dewey Beach,DE,634,Yes,
2024,2024-04-13,Coastal Delaware Running Festival,Dewey Beach,DE,699,Yes,
2022,2022-10-01,Marathon du P'tit Train du Nord,Saint-jerome,QC,1750,Yes,
2023,2023-09-30,Marathon du P'tit Train du Nord,Saint-jerome,QC,1828,Yes,
2022,2022-09-24,Akron Marathon,Akron,OH,692,Yes,
2023,2023-09-30,Akron Marathon,Akron,OH,693,Yes,
2023,2023-02-21,Wilmington Marathon,Wilmington,NC,732,Yes,
2024,2024-02-21,Wilmington Marathon,Wilmington,NC,900,Yes,
2022,2022-09-10,Big Cottonwood Marathon,Salt Lake City,UT,983,Yes,Very Steep
2023,2023-09-09,Big Cottonwood Marathon,Salt Lake City,UT,1571,Yes,Very Steep
2024,2024-04-13,Milwaukee Marathon,Milwaukee,WI,419,Yes,
2023,2023-05-21,Green Bay Marathon,Green Bay,WI,497,Yes,
2024,2024-05-19,Green Bay Marathon,Green Bay,WI,674,Yes,
2023,2023-05-21,Mountains 2 Beach Marathon,Ventura,CA,1450,Yes,Moderate
2024,2024-04-27,Mountains 2 Beach Marathon,Ventura,CA,1689,Yes,Moderate
2024,2024-05-18,Marathon SSQ de Longueuil,Longueuil,QC,311,Yes,
2024,2024-01-20,Vietnam Trail Marathon,Moc Chau,SON,800,No,
2022,2022-09-10,Jungfrau Marathon,Interlaken,JUR,3047,No,
2023,2023-09-08,Jungfrau Marathon,Interlaken,JUR,3132,No,
2023,2023-03-18,Weskus Marathon,Langebaan,WES,1087,No,
2024,2024-05-05,Milton Keynes Marathon - (MK Marathon Weekend),Milton Keynes,BED,1731,No,
2023,2023-08-27,Blouberg Marathon,"Eden On The Bay, Cape Town",CAP,685,No,
2023,2023-04-01,REVEL Mt. Charleston,Las Vegas,NV,1517,Yes,Very Steep
2024,2024-04-06,REVEL Mt. Charleston,Las Vegas,NV,1704,Yes,Very Steep
2022,2022-09-09,GMS Queen City Marathon,Regina,SK,219,No,
2023,2023-09-08,GMS Queen City Marathon,Regina,SK,284,No,
2022,2022-11-26,Seattle Marathon,Seattle,WA,1245,Yes,
2023,2023-11-26,Seattle Marathon,Seattle,WA,1763,Yes,
2022,2022-11-12,REVEL Big Bear,San Bernardino,CA,1602,Yes,Very Steep
2023,2023-11-18,REVEL Big Bear,San Bernardino,CA,1837,Yes,Very Steep
2024,2024-06-16,Metropolmarathon Furth,Fürth,BAV,818,No,
2023,2023-07-24,Deseret News Classic Marathon,Salt Lake City,UT,320,Yes,Steep
2024,2024-07-24,Deseret News Classic Marathon,Salt Lake City,UT,381,Yes,Steep
2024,2024-04-07,Marathon de Namur,Namur,NAM,1125,No,
2023,2023-03-19,Tobacco Road Marathon,Cary,NC,777,Yes,
2024,2024-03-17,Tobacco Road Marathon,Cary,NC,875,Yes,
2023,2023-05-06,Football Hall of Fame Marathon,Canton,OH,259,Yes,
2023,2023-04-16,ABP Newport Wales,Newport,WAL,1712,No,
2022,2022-10-02,Demi Marathon Group Investors De Granby,Granby,QC,154,Yes,
2023,2023-10-01,Demi Marathon Group Investors De Granby,Granby,QC,255,Yes,
2023,2023-03-05,Alamo 13.1 fight to The Finish,San Antonio,TX,409,Yes,
2024,2024-03-03,Alamo 13.1 fight to The Finish,San Antonio,TX,471,Yes,
2023,2023-05-01,Long Island Marathon,East Meadow,NY,430,Yes,
2024,2024-05-01,Long Island Marathon,East Meadow,NY,571,Yes,
2023,2023-04-29,Eau Claire Marathon,Eau Claire,WI,522,Yes,
2024,2024-04-28,Eau Claire Marathon,Eau Claire,WI,617,Yes,
2023,2023-03-12,Durban City Marathon,Durban,KWA,1476,No,
2024,2024-03-24,Durban City Marathon,Durban,KWA,757,No,
2023,2023-02-18,Tokyo Marathon,Tokyo,TOK,2838,No,
2024,2024-02-17,Tokyo Marathon,Tokyo,TOK,2007,No,
2022,2022-10-22,Atlantic City Marathon,Atlantic City,NJ,832,Yes,
2023,2023-10-21,Atlantic City Marathon,Atlantic City,NJ,951,Yes,
2024,2024-04-13,Westport Marathon,Westport,CON,276,No,
2023,2023-10-07,Run Galway Bay,Galway,GAL,421,No,
2022,2022-09-24,Maine Marathon,Portland,ME,747,Yes,
2023,2023-10-01,Maine Marathon,Portland,ME,906,Yes,
2022,2022-10-09,Wizz Air Sofia Marathon,Sofia,SOF,417,No,
2023,2023-08-10,Wizz Air Sofia Marathon,Sofia,SOF,560,No,
2023,2023-10-08,AbbottWMM Wanda Age Group World Championship,London City,LON,2306,Yes,
2022,2022-10-23,Niagara Falls International Marathon,Niagara Falls,ON,435,Yes,
2023,2023-10-22,Niagara Falls International Marathon,Niagara Falls,ON,603,Yes,
2023,2023-03-12,Cyprus Marathon,Paphos,LEM,279,No,
2022,2022-09-03,Dingle Marathon,Dingle,KER,385,No,
2022,2022-10-16,Duke City Marathon,Albuquerque,NM,385,Yes,
2023,2023-10-22,Duke City Marathon,Albuquerque,NM,489,Yes,
2024,2024-03-03,Sarens Edenvale Marathon,Edenvale,GAU,1264,No,
2023,2023-12-31,Last Chance Marathon,Bellingham,WA,21,Yes,
2022,2022-11-12,Nashville Marathon,Nashville,TN,388,Yes,
2023,2023-10-28,Nashville Marathon,Nashville,TN,367,Yes,
2022,2022-12-03,Rehoboth Seashore Marathon,rehoboth beach,DE,779,Yes,
2023,2023-12-02,Rehoboth Seashore Marathon,rehoboth beach,DE,861,Yes,
2022,2022-11-06,Two Cities Marathon,Fresno,CA,395,Yes,
2023,2023-11-05,Two Cities Marathon,Fresno,CA,481,Yes,
2022,2022-09-17,Fox Cities Marathon,Appleton,WI,352,Yes,
2023,2023-09-16,Fox Cities Marathon,Appleton,WI,403,Yes,
2022,2022-12-10,Mississippi Gulf Coast Marathon,Stennis Space Center,MS,408,Yes,
2023,2023-12-09,Mississippi Gulf Coast Marathon,Stennis Space Center,MS,478,Yes,
2023,2023-09-16,Espoo Rantamaraton,Espoo,ETE,462,No,
2023,2023-02-26,Ventura Marathon,Ventura,CA,761,Yes,Moderate
2024,2024-02-25,Ventura Marathon,Ventura,CA,977,Yes,Moderate
2022,2022-09-25,Quad Cities Marathon,Moline,IL,461,Yes,
2023,2023-09-24,Quad Cities Marathon,Moline,IL,555,Yes,
2024,2024-04-28,Mississauga Marathon,Mississauga,ON,642,Yes,
2023,2023-07-02,Victoria Falls Marathon,Victoria Falls,0,300,No,
2024,2024-07-07,Victoria Falls Marathon,Victoria Falls,0,368,No,
2023,2023-01-28,Clearwater Marathon,Clearwater,FL,293,Yes,
2024,2024-01-27,Clearwater Marathon,Clearwater,FL,388,Yes,
2022,2022-10-14,Mankato Marathon & Half Marathon,Mankato,MN,242,Yes,
2023,2023-10-20,Mankato Marathon & Half Marathon,Mankato,MN,557,Yes,
2024,2024-03-03,Cape Gate Vaal Marathon,Cape Gate Vaal Marathon,GAU,1179,No,
2022,2022-10-09,Astana Marathon,Astana,AST,199,No,
2023,2023-09-03,Astana Marathon,Astana,AST,252,No,
2022,2022-10-01,Marathon Zeeland,Burgh Haamstede,ZEE,1402,No,
2023,2023-10-07,Marathon Zeeland,Burgh Haamstede,ZEE,1655,No,
2022,2022-10-01,Cape Cod Marathon,Falmouth,MA,820,Yes,
2023,2023-10-07,Cape Cod Marathon,Falmouth,MA,897,Yes,
2022,2022-12-11,Palm Beaches Marathon,West Palm Beach,FL,297,Yes,
2023,2023-12-09,Palm Beaches Marathon,West Palm Beach,FL,453,Yes,
2023,2023-06-18,Banff Marathon and Half Marathon,Banff,AB,386,No,
2024,2024-06-16,Banff Marathon and Half Marathon,Banff,AB,394,No,
2022,2022-10-02,Milwaukee Lakefront Marathon,milwaukee ,WI,137,Yes,
2023,2023-10-01,Milwaukee Lakefront Marathon,milwaukee ,WI,1420,Yes,
2022,2022-12-11,Baylor Scott and White BCS Marathon,College Station,TX,523,Yes,
2023,2023-12-10,Baylor Scott and White BCS Marathon,College Station,TX,545,Yes,
2022,2022-10-16,Grand Rapids Marathon Half Marathon,Grand Rapids,MI,780,Yes,
2023,2023-10-15,Grand Rapids Marathon Half Marathon,Grand Rapids,MI,936,Yes,
2023,2023-05-06,Maine Coast Half Marathon & 5K,Wells,ME,251,Yes,
2024,2024-05-04,Maine Coast Half Marathon & 5K,Wells,ME,1002,Yes,
2023,2023-02-26,Split Half Marathon,Split,SPL,363,No,
2022,2022-11-05,Hamilton Marathon,Hamilton,ON,414,Yes,
2023,2023-11-05,Hamilton Marathon,Hamilton,ON,468,Yes,
2023,2023-04-22,Garmin Marathon,Olathe,KS,432,Yes,
2024,2024-04-20,Garmin Marathon,Olathe,KS,488,Yes,
2023,2023-04-22,Kalamazoo Marathon,Kalamazoo,MI,302,Yes,
2024,2024-05-04,Kalamazoo Marathon,Kalamazoo,MI,311,Yes,
2023,2023-04-01,Irving Marathon,Irving,TX,417,Yes,
2024,2024-03-30,Irving Marathon,Irving,TX,555,Yes,
2023,2023-01-29,Town of Celebration Marathon,Celebration,FL,406,Yes,
2024,2024-01-28,Town of Celebration Marathon,Celebration,FL,407,Yes,
2023,2023-05-07,Colorado Marathon,Fort Collins,CO,804,Yes,Moderate
2024,2024-05-05,Colorado Marathon,Fort Collins,CO,1064,Yes,Moderate
2023,2023-08-06,Angkor Empire Marathon,Siem Reap,KRO,212,No,
2023,2023-05-27,Coeur d' Alene Marathon,Coeur D'alene,ID,260,Yes,
2024,2024-05-25,Coeur d' Alene Marathon,Coeur D'alene,ID,413,Yes,
2023,2023-02-19,Lost Dutchman Marathon,Apache Junction,AZ,293,Yes,
2024,2024-02-18,Lost Dutchman Marathon,Apache Junction,AZ,341,Yes,
2023,2023-03-25,Sasol Marathon,Sasolburg,FRE,852,No,
2022,2022-12-10,Rocket City Marathon,Huntsville,AL,883,Yes,
2023,2023-12-08,Rocket City Marathon,Huntsville,AL,915,Yes,
2023,2023-02-11,El Paso Marathon,El Paso,TX,238,Yes,Minor
2024,2024-02-18,El Paso Marathon,El Paso,TX,298,Yes,Minor
2022,2022-09-17,Pikes Peak Marathon,Manitou Springs,CO,624,Yes,
2023,2023-09-16,Pikes Peak Marathon,Manitou Springs,CO,616,Yes,
2022,2022-11-06,Bass Pro Shops Marathon,Springfield,MO,284,Yes,
2023,2023-11-05,Bass Pro Shops Marathon,Springfield,MO,315,Yes,
2023,2023-06-17,Mayor's Marathon,Anchorage,AK,582,Yes,
2024,2024-06-20,Mayor's Marathon,Anchorage,AK,733,Yes,
2022,2022-12-03,LANZAROTE INTERNATIONAL MARATHON,Lanzarote,LAS,406,No,
2022,2022-09-18,Fox Valley Marathon,"St. Charles, IL",IL,445,Yes,
2023,2023-09-17,Fox Valley Marathon,"St. Charles, IL",IL,460,Yes,
2023,2023-06-27,Highwayman Dash,Laguna Niguel,CA,142,Yes,
2024,2024-07-08,Highwayman Dash,Laguna Niguel,CA,817,Yes,
2023,2023-10-07,Skagen Marathon,Skagen,NOR,287,No,
2023,2023-02-18,Run Oak Island,Oak Island,NC,221,Yes,
2024,2024-02-17,Run Oak Island,Oak Island,NC,228,Yes,
2022,2022-12-18,Cetilar Maratona di Pisa,Pisa,PIS,977,No,
2023,2023-12-15,Cetilar Maratona di Pisa,Pisa,PIS,863,No,
2023,2023-03-26,Modesto Marathon,Modesto,CA,299,Yes,
2024,2024-03-24,Modesto Marathon,Modesto,CA,343,Yes,
2024,2024-04-01,Blue Ridge Marathon,Roanoke,VA,477,Yes,
2023,2023-06-03,Revel Rockies,Denver,CO,711,Yes,Very Steep
2024,2024-06-01,Revel Rockies,Denver,CO,921,Yes,Very Steep
2022,2022-12-11,Jacksonville Marathon,Jacksonville,FL,418,Yes,
2023,2023-12-10,Jacksonville Marathon,Jacksonville,FL,564,Yes,
2022,2022-09-24,Bellingham Bay Marathon,Bellingham,WA,203,Yes,
2023,2023-09-24,Bellingham Bay Marathon,Bellingham,WA,249,Yes,
2023,2023-05-12,Scotiabank Frederichton Marathon,Fredericton,NB,239,Yes,
2024,2024-05-10,Scotiabank Frederichton Marathon,Fredericton,NB,370,Yes,
2023,2023-01-28,Timbercity Red Hill Marathon And Classic,Cape Town,CAP,7,No,
2024,2024-01-27,Timbercity Red Hill Marathon And Classic,Cape Town,CAP,736,No,
2022,2022-09-04,The Kauai Marathon,"Poipu Beach, Kauai",HI,264,Yes,
2023,2023-09-03,The Kauai Marathon,"Poipu Beach, Kauai",HI,323,Yes,
2024,2024-09-01,The Kauai Marathon,"Poipu Beach, Kauai",HI,332,Yes,
2023,2023-02-12,St. Petersburg Marathon,St. Petersburg,FL,315,Yes,
2024,2024-02-11,St. Petersburg Marathon,St. Petersburg,FL,396,Yes,
2023,2023-04-16,Bend Marathon,Bend,OR,251,Yes,
2024,2024-03-30,Bend Marathon,Bend,OR,308,Yes,
2022,2022-10-01,Ann Arbor Marathon,Ann Arbor,MI,246,Yes,
2023,2023-09-30,Ann Arbor Marathon,Ann Arbor,MI,250,Yes,
2022,2022-10-01,Putrajaya Night Marathon,Kuala Lumpur,KER,220,No,
2023,2023-05-28,Vermont City Marathon,Burlington,VT,1163,Yes,
2024,2024-05-26,Vermont City Marathon,Burlington,VT,1381,Yes,
2023,2023-01-29,Japan Osaka Marathon,Osaka,0,251,No,
2022,2022-10-01,Colorado Springs Marathon,Colorado Springs,CO,279,Yes,
2023,2023-09-30,Colorado Springs Marathon,Colorado Springs,CO,337,Yes,
2022,2022-10-01,Suffolk County Marathon,Babylon,NY,252,Yes,
2023,2023-10-01,Suffolk County Marathon,Babylon,NY,299,Yes,
2022,2022-10-08,Schwarzwald Marathon,Bräunlingen,BAD,232,No,
2023,2023-03-03,Coast Guard Marathon,Elizabeth City,NC,311,Yes,
2024,2024-04-05,Coast Guard Marathon,Elizabeth City,NC,478,Yes,
2023,2023-06-03,Deadwood Mickelson Trail Marathon,Deadwood,SD,206,Yes,Moderate
2024,2024-06-01,Deadwood Mickelson Trail Marathon,Deadwood,SD,216,Yes,Moderate
2023,2023-07-04,Foot Traffic Flat Marathon,Portland,OR,259,Yes,
2024,2024-07-04,Foot Traffic Flat Marathon,Portland,OR,282,Yes,
2023,2023-04-22,Delaware Marathon,Wilmington,DE,462,Yes,
2024,2024-04-21,Delaware Marathon,Wilmington,DE,464,Yes,
2023,2023-05-07,Avenue Of The Giants Marathon,Weott,CA,383,Yes,
2024,2024-05-05,Avenue Of The Giants Marathon,Weott,CA,467,Yes,
2022,2022-11-05,Salina Crossroads Marathon,Salina,KS,127,Yes,
2023,2023-11-04,Salina Crossroads Marathon,Salina,KS,351,Yes,
2022,2022-11-13,Manchester City Marathon,Manchester,NH,440,Yes,
2023,2023-11-12,Manchester City Marathon,Manchester,NH,452,Yes,
2023,2023-01-08,Cadbury Marathon Festival,Hobart,TAS,232,No,
2023,2023-05-28,Jacobs Creek Barossa Marathon,Barossa Valley,SA,277,No,
2022,2022-10-16,Baystate Marathon,Lowell,MA,913,Yes,
2023,2023-10-15,Baystate Marathon,Lowell,MA,975,Yes,
2023,2023-03-18,Asheville Marathon,Asheville,NC,601,Yes,Minor
2024,2024-03-16,Asheville Marathon,Asheville,NC,570,Yes,Minor
2023,2023-03-03,Chattanooga Marathon,Chattanoga,TN,213,Yes,
2024,2024-03-02,Chattanooga Marathon,Chattanoga,TN,262,Yes,
2022,2022-10-09,Prairie Fire Wichita Marathon,Wichita,KS,226,Yes,
2023,2023-10-08,Prairie Fire Wichita Marathon,Wichita,KS,286,Yes,
2023,2023-03-04,Newport News One City Marathon,Newport News,VA,373,Yes,
2024,2024-03-02,Newport News One City Marathon,Newport News,VA,495,Yes,
2023,2023-06-04,North Olympic Discovery Marathon,Port Angeles,WA,272,Yes,
2024,2024-06-01,North Olympic Discovery Marathon,Port Angeles,WA,298,Yes,
2023,2023-08-26,Mt. Nebo Marathon and Half Marathon,Payson,UT,210,Yes,Very Steep
2024,2024-09-07,Mt. Nebo Marathon and Half Marathon,Payson,UT,291,Yes,Very Steep
2024,2024-05-11,Beer Lover's Marathon,Liège,LIÈ,1369,No,
2022,2022-12-10,Tucson Marathon,Tucson,AZ,564,Yes,Steep
2023,2023-12-10,Tucson Marathon,Tucson,AZ,839,Yes,Steep
2023,2023-04-23,Maui Marathon,Lahaina,HI,319,Yes,
2022,2022-10-28,Spinx Runfest Marathon,Greenville,SC,199,Yes,
2023,2023-10-27,Spinx Runfest Marathon,Greenville,SC,304,Yes,
2023,2023-03-18,Des Moines St. Paddy's Marathon,Des Moines,IA,132,Yes,
2024,2024-03-16,Des Moines St. Paddy's Marathon,Des Moines,IA,202,Yes,
2022,2022-10-15,WhistleStop Marathon,Ashland,WI,222,Yes,Minor
2023,2023-10-14,WhistleStop Marathon,Ashland,WI,382,Yes,Minor
2023,2023-08-27,Sioux Falls Marathon,Sioux Falls,SD,366,Yes,
2024,2024-02-04,Gammon China Coast Half and Full Marathon,Hong Kong,NEW,301,No,
2024,2024-04-06,Mall of the North Marathon,Polokwane,GAU,515,No,
2023,2023-05-20,Capital City Marathon,Olympia,WA,248,Yes,
2024,2024-05-18,Capital City Marathon,Olympia,WA,296,Yes,
2023,2023-02-19,MARATONA  DI SAN VALENTINO,Terni,TER,390,No,
2024,2024-02-18,MARATONA  DI SAN VALENTINO,Terni,TER,469,No,
2023,2023-01-28,Big Beach Marathon,Gulf Shores,AL,382,Yes,
2024,2024-01-27,Big Beach Marathon,Gulf Shores,AL,413,Yes,
2022,2022-11-06,Marshall University Marathon,Huntington,WV,216,Yes,
2023,2023-11-05,Marshall University Marathon,Huntington,WV,330,Yes,
2022,2022-10-16,Mount Desert Island Marathon,Bar Harbor,ME,613,Yes,
2023,2023-10-15,Mount Desert Island Marathon,Bar Harbor,ME,650,Yes,
2023,2023-05-20,Martha's Vineyard Marathon,Oaks Bluff,MA,509,Yes,
2022,2022-09-17,Hamptons Marathon,East Hampton,NY,179,Yes,
2023,2023-09-23,Hamptons Marathon,East Hampton,NY,257,Yes,
2024,2024-06-22,Marathon du Vignoble d'Alsace,Molsheim,BAS,803,No,
2023,2023-02-05,Maratonina Maga Circe,Sabaudia,LAT,355,No,
2024,2024-02-04,Maratonina Maga Circe,Sabaudia,LAT,509,No,
2024,2024-04-07,Bakersfield Marathon,Bakersfield,CA,205,Yes,
2023,2023-05-07,Chicagoland Marathon,Chicago,IL,452,Yes,
2024,2024-05-05,Chicagoland Marathon,Chicago,IL,500,Yes,
2024,2024-05-05,Hudson Valley Marathon,Hudson Valley,NY,306,Yes,
2023,2023-06-17,Leadville Trail Marathon,Leadville,CO,771,Yes,
2024,2024-06-29,Leadville Trail Marathon,Leadville,CO,664,Yes,
2022,2022-10-30,Marathon Brabant,Etten-leur,NOO,228,No,
2023,2023-10-29,Marathon Brabant,Etten-leur,NOO,321,No,
2023,2023-08-19,Anchorage RunFest,Anchorage,AK,221,Yes,
2024,2024-08-17,Anchorage RunFest,Anchorage,AK,228,Yes,
2023,2023-01-15,Maui Oceanfront Marathon,Lahaina,HI,282,Yes,
2024,2024-01-14,Maui Oceanfront Marathon,Lahaina,HI,170,Yes,
2023,2023-04-29,Tacoma City Marathon,Tacoma,WA,365,Yes,
2024,2024-04-27,Tacoma City Marathon,Tacoma,WA,393,Yes,
2022,2022-10-14,Ecomaratona del Chianti,Castelnuovo Berardenga,SIE,208,No,
2023,2023-10-15,Ecomaratona del Chianti,Castelnuovo Berardenga,SIE,204,No,
2023,2023-01-23,Funchal Marathon,Funchal,MAD,257,No,
2023,2023-06-04,Steamboat Marathon,Steamboat Springs,CO,239,Yes,Moderate
2024,2024-06-02,Steamboat Marathon,Steamboat Springs,CO,262,Yes,Moderate
2022,2022-10-09,Mohawk-Hudson River Marathon,Albany,NY,419,Yes,Minor
2023,2023-10-08,Mohawk-Hudson River Marathon,Albany,NY,438,Yes,Minor
2023,2023-05-06,Wisconsin Marathon,Kenosha,WI,304,Yes,
2024,2024-05-04,Wisconsin Marathon,Kenosha,WI,254,Yes,
2022,2022-11-12,Chickamauga Battlefield Marathon,Fort Oglethorpe,GA,270,Yes,
2023,2023-11-11,Chickamauga Battlefield Marathon,Fort Oglethorpe,GA,352,Yes,
2024,2024-05-05,Gateshead Half Marathon & 10k,Gateshead,TYN,542,No,
2022,2022-10-16,Columbia Gorge Marathon,Hood River,OR,154,Yes,
2023,2023-10-22,Columbia Gorge Marathon,Hood River,OR,235,Yes,
2022,2022-11-27,Spark Marathon Spijkenisse,Spijkenisse,ZUI,222,No,
2023,2023-11-26,Spark Marathon Spijkenisse,Spijkenisse,ZUI,272,No,
2023,2023-05-19,EcoRun,Moieciu De Sus,BRA,290,No,
2023,2023-04-22,Boise River Marathon,Boise,ID,111,Yes,
2024,2024-05-04,Boise River Marathon,Boise,ID,215,Yes,
2022,2022-11-12,Outer Banks Marathon Weekend,Kill Devil Hills,NC,215,Yes,
2023,2023-11-11,Outer Banks Marathon Weekend,Kill Devil Hills,NC,326,Yes,
2022,2022-11-06,Louisville Marathon,Louisville,KY,197,Yes,
2023,2023-11-05,Louisville Marathon,Louisville,KY,286,Yes,
2023,2023-10-15,Chelmsford Marathon,Chelmsford,ESS,403,No,
2023,2023-05-12,Med-City Marathon,Rochester,MN,230,Yes,Minor
2024,2024-05-18,Med-City Marathon,Rochester,MN,301,Yes,Minor
2023,2023-08-26,Stavanger Marathon,Stavanger,ROG,231,No,
2023,2023-04-30,Gettysburg North-South Marathon,Gettysburg,PA,155,Yes,
2024,2024-04-28,Gettysburg North-South Marathon,Gettysburg,PA,203,Yes,
2023,2023-05-14,Sugarloaf Marathon,Kingfield,ME,504,Yes,Minor
2024,2024-05-12,Sugarloaf Marathon,Kingfield,ME,533,Yes,Minor
2023,2023-02-25,Infantry School Cango Caves Marathon,"Cango Caves, Oudtshoorn",WES,833,No,
2024,2024-02-24,Infantry School Cango Caves Marathon,"Cango Caves, Oudtshoorn",WES,788,No,
2023,2023-05-21,Windermere Marathon,Spokane Valley,WA,205,Yes,Minor
2024,2024-05-19,Windermere Marathon,Spokane Valley,WA,142,Yes,Minor
2023,2023-04-15,Hogeye Marathon,Fayetteville,AR,210,Yes,
2024,2024-04-09,Hogeye Marathon,Fayetteville,AR,295,Yes,
2023,2023-02-11,Hilton Head Marathon,Hilton Head Island,SC,277,Yes,
2024,2024-02-10,Hilton Head Marathon,Hilton Head Island,SC,368,Yes,
2022,2022-12-03,Panama City Beach Marathon,Panama City Beach,FL,270,Yes,
2023,2023-12-02,Panama City Beach Marathon,Panama City Beach,FL,264,Yes,
2022,2022-10-09,Steamtown Marathon,Scranton,PA,872,Yes,Moderate
2023,2023-10-08,Steamtown Marathon,Scranton,PA,871,Yes,Moderate
2022,2022-11-27,Maraton Internacional de Panama,Panama,PAN,279,No,
2023,2023-11-26,Maraton Internacional de Panama,Panama,PAN,234,No,
2023,2023-04-23,Whidbey Island Marathon,Oak Harbor,WA,193,Yes,
2024,2024-04-21,Whidbey Island Marathon,Oak Harbor,WA,218,Yes,
2023,2023-06-17,Charlevoix Marathon,Charlevoix,MI,416,Yes,
2024,2024-06-15,Charlevoix Marathon,Charlevoix,MI,501,Yes,
2023,2023-02-05,Tallahassee Marathon,Tallahassee,FL,173,Yes,
2024,2024-02-11,Tallahassee Marathon,Tallahassee,FL,220,Yes,
2023,2023-11-05,Yukon Boundary Bay Race,Delta,BC,216,Yes,
2023,2023-04-27,Sedibeng Marathon,Vereeniging,GAU,674,No,
2022,2022-09-11,Holland Haven Marathon,Holland,MI,281,Yes,
2023,2023-09-10,Holland Haven Marathon,Holland,MI,297,Yes,
2024,2024-09-08,Holland Haven Marathon,Holland,MI,360,Yes,
2022,2022-10-23,Ocean State Rhode Races,Narragansett,RI,227,Yes,
2023,2023-10-29,Ocean State Rhode Races,Narragansett,RI,286,Yes,
2023,2023-03-10,Six Foot Track Marathon,Sydney,NSW,902,No,
2023,2023-04-01,Salisbury Marathon,Salisbury,MD,253,Yes,
2024,2024-04-06,Salisbury Marathon,Salisbury,MD,270,Yes,
2023,2023-10-22,Run Through Battersea Park,London,LON,385,No,
2022,2022-09-11,Georgina Marathon,Jacksons Point,ON,199,Yes,
2023,2023-09-10,Georgina Marathon,Jacksons Point,ON,249,Yes,
2024,2024-09-08,Georgina Marathon,Jacksons Point,ON,336,Yes,
2022,2022-09-11,Erie Marathon,Erie,PA,756,Yes,
2023,2023-09-10,Erie Marathon,Erie,PA,945,Yes,
2024,2024-09-08,Erie Marathon,Erie,PA,1022,Yes,
2022,2022-10-09,Perth Marathon,Burswood,WA,701,Yes,
2023,2023-10-08,Perth Marathon,Burswood,WA,1455,Yes,
2023,2023-03-26,B&A Trail Marathon,Severna Park,MD,250,Yes,
2024,2024-03-24,B&A Trail Marathon,Severna Park,MD,286,Yes,
2023,2023-06-17,Super Marathon,Snoqualmie Pass,WA,301,Yes,Steep
2024,2024-06-22,Super Marathon,Snoqualmie Pass,WA,384,Yes,Steep
2023,2023-04-29,Jim Thorpe Area Running Festival,Jim Thorpe,PA,400,Yes,Minor
2024,2024-04-27,Jim Thorpe Area Running Festival,Jim Thorpe,PA,533,Yes,Minor
2023,2023-07-09,Mad Marathon,Waitsfield,VT,259,Yes,
2024,2024-07-07,Mad Marathon,Waitsfield,VT,267,Yes,
2023,2023-06-11,Lake Placid Marathon,Lake Placid,NY,265,Yes,
2024,2024-06-09,Lake Placid Marathon,Lake Placid,NY,322,Yes,
2023,2023-03-04,Albany Marathon,Albany,GA,290,Yes,
2024,2024-03-02,Albany Marathon,Albany,GA,258,Yes,
2022,2022-10-08,Vantaan Maraton,Tikkurila,ETE,332,No,
2023,2023-01-07,The Buckeye Marathon,Buckeye,AZ,113,Yes,Minor
2024,2024-01-06,The Buckeye Marathon,Buckeye,AZ,207,Yes,Minor
2023,2023-01-15,Jekyll Island Marathon,Jekyll Island,GA,286,Yes,
2024,2024-01-14,Jekyll Island Marathon,Jekyll Island,GA,250,Yes,
2022,2022-11-13,Harrisburg Marathon,Harrisburg,PA,516,Yes,
2023,2023-11-12,Harrisburg Marathon,Harrisburg,PA,464,Yes,
2022,2022-09-17,Equinox Marathon,Fairbanks,AK,344,Yes,
2023,2023-09-16,Equinox Marathon,Fairbanks,AK,379,Yes,
2023,2023-04-16,The Cheap Marathon,Salisbury,MA,411,Yes,
2024,2024-04-20,The Cheap Marathon,Salisbury,MA,394,Yes,
2023,2023-04-16,Athens Marathon (Ohio),Athens,OH,171,Yes,
2024,2024-04-14,Athens Marathon (Ohio),Athens,OH,208,Yes,
2022,2022-09-25,Clarence Demar Marathon,Keene,NH,229,Yes,Minor
2023,2023-09-24,Clarence Demar Marathon,Keene,NH,318,Yes,Minor
2022,2022-10-16,Chelmsford Parks Marathon,Chelmsford,ESS,450,No,
2022,2022-10-02,Clarendon Marathon,Salisbury To Winchester,HAM,304,No,
2023,2023-10-01,Clarendon Marathon,Salisbury To Winchester,HAM,370,No,
2023,2023-06-11,The Light At The End of the Tunnel,North Bend,WA,757,Yes,Steep
2024,2024-06-09,The Light At The End of the Tunnel,North Bend,WA,852,Yes,Steep
2022,2022-11-13,Fort Worth Marathon,Fort Worth,TX,209,Yes,
2023,2023-11-12,Fort Worth Marathon,Fort Worth,TX,179,Yes,
2023,2023-04-16,Tough Ruck Marathon,Concord,MA,721,Yes,
2024,2024-04-14,Tough Ruck Marathon,Concord,MA,883,Yes,
2022,2022-10-02,Jersey Marathon,Jersey,0,255,No,
2022,2022-11-26,North Central Trail Marathon,Sparks,MD,260,Yes,
2023,2023-11-25,North Central Trail Marathon,Sparks,MD,278,Yes,
2022,2022-09-09,Moose Mountain Marathon,Lutsen,MN,294,Yes,
2023,2023-09-08,Moose Mountain Marathon,Lutsen,MN,307,Yes,
2024,2024-09-06,Moose Mountain Marathon,Lutsen,MN,312,Yes,
2023,2023-05-06,Breakneck Point Marathon,Beacon,NY,258,Yes,
2024,2024-05-05,Breakneck Point Marathon,Beacon,NY,197,Yes,
2023,2023-05-07,York Marathon,York,PA,216,Yes,
2024,2024-05-05,York Marathon,York,PA,199,Yes,
2023,2023-05-13,New River Marathon,Todd,NC,164,Yes,
2024,2024-05-17,New River Marathon,Todd,NC,289,Yes,
2022,2022-09-18,Tunnel Lite Marathon,North Bend,WA,320,Yes,Steep
2023,2023-09-10,Tunnel Lite Marathon,North Bend,WA,666,Yes,Steep
2024,2024-09-08,Tunnel Lite Marathon,North Bend,WA,830,Yes,Steep
2022,2022-10-15,Des Plaines River Trail Race,Des Plaines,IL,216,Yes,
2023,2023-10-14,Des Plaines River Trail Race,Des Plaines,IL,205,Yes,
2022,2022-09-24,Jackson Hole Marathon,Jackson Hole,WY,184,Yes,
2023,2023-09-23,Jackson Hole Marathon,Jackson Hole,WY,233,Yes,
2022,2022-10-23,Loco Marathon,Newmarket,NH,215,Yes,
2023,2023-10-22,Loco Marathon,Newmarket,NH,214,Yes,
2022,2022-09-18,In Flanders Fields Marathon,Ieper,0,205,No,
2023,2023-02-25,Skidaway Island Marathon,Savannah,GA,139,Yes,
2024,2024-02-24,Skidaway Island Marathon,Savannah,GA,200,Yes,
2023,2023-08-13,Tunnel Vision Marathon,North Bend,WA,510,Yes,Steep
2024,2024-08-11,Tunnel Vision Marathon,North Bend,WA,680,Yes,Steep
2023,2023-06-11,Maritime Marathon,Manitowoc,WI,185,Yes,
2024,2024-06-02,Maritime Marathon,Manitowoc,WI,239,Yes,
2022,2022-09-11,Cascade Express Marathon,snoqualmie pass,WA,229,Yes,Steep
2023,2023-09-16,Cascade Express Marathon,snoqualmie pass,WA,201,Yes,Steep
2023,2023-08-27,Green River Marathon,Colrain,MA,340,Yes,
2024,2024-08-25,Green River Marathon,Colrain,MA,325,Yes,
2023,2023-02-25,Black Mountain Marathon,Black Mountain,NC,171,Yes,
2024,2024-02-24,Black Mountain Marathon,Black Mountain,NC,257,Yes,
2022,2022-11-20,Flying Monkey Marathon,Nashville,TN,257,Yes,
2023,2023-11-19,Flying Monkey Marathon,Nashville,TN,245,Yes,
2023,2023-08-24,The Sri Chinmoy Marathon,Congers,NY,286,Yes,
2024,2024-08-23,The Sri Chinmoy Marathon,Congers,NY,368,Yes,
2023,2023-05-06,Lake Wobegon Trail Marathon,Saint Joseph,MN,209,Yes,
2024,2024-05-04,Lake Wobegon Trail Marathon,Saint Joseph,MN,329,Yes,
2022,2022-11-26,Ghost of Seattle Marathon,Seattle,WA,57,Yes,
2023,2023-11-25,Ghost of Seattle Marathon,Seattle,WA,48,Yes,
2022,2022-09-10,Last Chance BQ Chicagoland Marathon,Geneva,IL,254,Yes,
2023,2023-09-09,Last Chance BQ Chicagoland Marathon,Geneva,IL,256,Yes,
2024,2024-09-07,Last Chance BQ Chicagoland Marathon,Geneva,IL,240,Yes,
2022,2022-09-11,Beantown Marathon,Hingham,MA,203,Yes,
2023,2023-09-10,Beantown Marathon,Hingham,MA,238,Yes,
2022,2022-10-15,Blue Sky Marathon,fort collins,CO,201,Yes,
2023,2023-10-21,Blue Sky Marathon,fort collins,CO,222,Yes,
2023,2023-04-15,Spring Chance BQ2 Marathon,Geneva,IL,196,Yes,
2024,2024-04-14,Spring Chance BQ2 Marathon,Geneva,IL,168,Yes,
2022,2022-09-10,Last Chance BQ Grand Rapids,Grand Rapids,MI,52,Yes,
2023,2023-09-10,Last Chance BQ Grand Rapids,Grand Rapids,MI,111,Yes,
2024,2024-09-08,Last Chance BQ Grand Rapids,Grand Rapids,MI,181,Yes,
2023,2023-03-25,NMC Fast Race 3-in-1,Mbombela,MPU,534,No,
2023,2023-09-03,Sackets Harbor Marathon,Sackets Harbor,NY,216,Yes,
2024,2024-09-01,Sackets Harbor Marathon,Sackets Harbor,NY,250,Yes,
2023,2023-11-05,Torino City Marathon,"Torino ,turin",TOR,1319,No,
2023,2023-12-03,South Texas International Marathon,Harlingen,TX,206,Yes,
2023,2023-12-03,DFM,Davao City,DAV,231,No,
2024,2024-03-24,Johannesburg City Marathon,Johannesburg,GAU,927,No,
2024,2024-04-28,The Norfolk Marathon,Cromer,NFK,946,No,
2023,2023-07-29,Jack and Jill Downhill Marathon,North Bend,WA,764,Yes,Steep
2023,2023-10-28,Ocean City Running Festival,Ocean City,MD,243,Yes,
2024,2024-01-28,Classic City Marathon,Athens,GA,293,Yes,
2024,2024-06-01,Jack & Jill Marathon Poconos,White Haven,PA,255,Yes,Minor
2023,2023-09-24,Berlin Marathon,Berlin,DEU,43045,Yes,
2022,2022-09-25,Berlin Marathon,Berliin,DEU,34745,Yes,
